id,from,to,req,status
1,4,1,0,Scheduled
2,8,3,24,Scheduled
3,2,7,58,Scheduled
4,6,4,92,Scheduled
5,1,5,121,Scheduled
6,7,2,163,Scheduled
7,3,8,199,Scheduled
8,5,1,241,Scheduled
9,8,6,279,Scheduled
10,2,4,315,Scheduled
11,5,7,356,Scheduled
12,1,8,392,Scheduled
13,6,2,437,Scheduled
14,4,6,474,Scheduled
15,7,3,522,Scheduled
16,3,5,561,Scheduled
17,2,8,605,Scheduled
18,8,1,647,Scheduled
19,5,3,684,Scheduled
20,1,6,731,Scheduled
21,6,7,769,Scheduled
22,3,1,812,Scheduled
23,7,4,851,Scheduled
24,4,2,889,Scheduled
25,8,5,922,Scheduled
26,2,6,948,Scheduled
27,5,8,969,Scheduled
28,1,3,984,Scheduled
29,6,1,994,Scheduled
30,3,7,1000,Scheduled
